[
  {
    "key": 1,
    "candidateName": "Jyoti Singh",
    "cgpa": 7.5,
    "course": "B.Tech Computer Science",
    "positionApplied": "Java Developer",
    "interviewRound": "L1 Interview",
    "nextInterview": "Not Scheduled",
    "status": "SHORTLISTED"
  },
  {
    "key": 2,
    "candidateName": "Arti Thakur",
    "cgpa": 6.5,
    "course": "B.Tech Computer Science",
    "positionApplied": "Python Developer",
    "interviewRound": "L2 Interview",
    "nextInterview": "Not Scheduled",
    "status": "L1 CLEARED"
  },
  {
    "key": 3,
    "candidateName": "Imran Farhad",
    "cgpa": 7.7,
    "course": "B.Tech Electronics & Communication",
    "positionApplied": "Data Developer",
    "interviewRound": "L2 Interview",
    "nextInterview": "Not Scheduled",
    "status": "L1 CLEARED"
  },
  {
    "key": 4,
    "candidateName": "Vikram Rathore",
    "cgpa": 8.0,
    "course": "B.Tech Mechanical Engineering",
    "positionApplied": "Java Developer",
    "interviewRound": "Executive Round",
    "nextInterview": "Not Scheduled",
    "status": "L2 CLEARED"
  },
  {
    "key": 5,
    "candidateName": "L Shivaramakrishnan",
    "cgpa": 7.8,
    "course": "B.Tech Electronics & Communication",
    "positionApplied": "Angular Developer",
    "interviewRound": "L1 Interview",
    "nextInterview": "Not Scheduled",
    "status": "SHORTLISTED"
  }
]
