[
  {
    "key": "1",
    "candidateName": "Sanjeev Mohanty",
    "interviewRound": "L1 Interview",
    "time": "11:30 AM",
    "interviewerName": "Ashish Shukla",
    "positionApplied": "Java Developer"
  },
  {
    "key": "2",
    "candidateName": "Ashish Saini",
    "interviewRound": "L2 Interview",
    "time": "11:30 AM",
    "interviewerName": "Anuj Garg",
    "positionApplied": "Python Developer"
  },
  {
    "key": "3",
    "candidateName": "Gunjan Malhotra",
    "interviewRound": "L2 Interview",
    "time": "12:00 PM",
    "interviewerName": "Any Hugh",
    "positionApplied": "React JS Developer"
  },
  {
    "key": "4",
    "candidateName": "Sanjeev Mohanty",
    "interviewRound": "L1 Interview",
    "time": "11:30 AM",
    "interviewerName": "Ashish Shukla",
    "positionApplied": "Java Developer"
  },
  {
    "key": "5",
    "candidateName": "Ashish Saini",
    "interviewRound": "L2 Interview",
    "time": "11:30 AM",
    "interviewerName": "Anuj Garg",
    "positionApplied": "Python Developer"
  },
  {
    "key": "6",
    "candidateName": "Gunjan Malhotra",
    "interviewRound": "L2 Interview",
    "time": "12:00 PM",
    "interviewerName": "Any Hugh",
    "positionApplied": "React JS Developer"
  }
]
