{
  "login.title": "Login Page",
  "home.title": "Home Page",
  "header.title": "Your Dashboard",

  "userProfile.name": "Full Name",
  "userProfile.gender": "Gender",
  "userProfile.department": "Department",
  "userProfile.designation": "Designation",
  "userProfile.contactNumber": "Mobile",
  "userProfile.reportingTo": "Reporting To",
  "userProfile.location": "Location",
  "userProfile.employeeID": "Employee ID",
  "userProfile.role": "Role",
  "userProfile.email": "Email"
}
