[
  {
    "title": "Today you have 2 interviews scheduled",
    "activityTime": "1 min ago"
  },
  {
    "title": "You have been scheduled for an interview",
    "activityTime": "25 hours ago"
  },
  {
    "title": "You have been scheduled for an interview",
    "activityTime": "26 hours ago"
  },
  {
    "title": "You successfully added Ratings & Comments for an inteerview",
    "activityTime": "29 hours ago"
  },
  {
    "title": "You have been scheduled for an interview",
    "activityTime": "30 hours ago"
  },
  {
    "title": "You have been scheduled for an interview",
    "activityTime": "31 hours ago"
  },
  {
    "title": "Today you have 2 interviews scheduled",
    "activityTime": "31 hours ago"
  }
]
